account_id,account_seq,handle,account_name,industry,plan_type,region,created_at,status,as_of_date
U3bae1603803a839c0cb52f511d9cb8f6,acct_000001,株式会社中島建設-665,株式会社中島建設,,standard,名古屋,2024-05-31,active,2026-04-15
Ub0341314a5534ea92b26fa8adc30543f,acct_000002,株式会社石川運輸-997,株式会社石川運輸,healthcare,Standard,仙台,2024-06-11,active,2026-04-15
U743849e63f8101ac616f8fd0ba84a167,acct_000003,合同会社吉田水産-839,合同会社吉田水産,entertainment,STANDARD,仙台,2025-04-28,closed,2026-04-15
Ud4a92c8c8050eed40ef171cc2784d638,acct_000004,株式会社伊藤通信-847,株式会社伊藤通信,beauty,Standard,仙台,2025-06-20,active,2026-04-15
Ue7310890b01058478be93761a56d0aa0,acct_000005,合同会社田中運輸-845,合同会社田中運輸,real_estate,standard,名古屋,2025-08-23,active,2026-04-15
U227d1cd1a801c367de206ec4bbca7330,acct_000006,伊藤通信有限会社-853,伊藤通信有限会社,education,Standard,札幌,2025-11-25,active,2026-04-15
U7e808d11d6f9901a954a542a7ee09918,acct_000007,株式会社橋本印刷-618,株式会社橋本印刷,retail,free,名古屋,2026-01-13,suspended,2026-04-15
U4784fc8a8e1e4eb2435ad84e0ad052f2,acct_000008,高橋保険有限会社-552,高橋保険有限会社,food_and_beverage,light,札幌,2025-11-01,active,2026-04-15
Ue8d9224ecde331ce692edfce0b5ecdc4,acct_000009,株式会社小林印刷-906,株式会社小林印刷,food_and_beverage,free,仙台,2025-01-03,closed,2026-04-15
U3e5dd3a641c58ad50e49f095c6f1e306,acct_000010,斎藤保険株式会社-632,斎藤保険株式会社,retail,STANDARD,札幌,2025-11-26,active,2026-04-15
Ue9a1e8a5b83a6b296d43c957a8cfba4a,acct_000011,松本電気株式会社-734,松本電気株式会社,real_estate,free,名古屋,2024-04-29,closed,2026-04-15
Uc20f9c7e9b662bedec3cb78e127885c7,acct_000012,村上通信有限会社-934,村上通信有限会社,education,standard,仙台,2025-12-11,active,2026-04-15
Ud7cd4c737b35e126236570d6cf0e97f4,acct_000013,合同会社鈴木運輸-499,合同会社鈴木運輸,entertainment,light,福岡,2024-10-16,closed,2026-04-15
U476acbdef8e9a16d24575e4f6d7b0f31,acct_000014,有限会社岡本建設-767,有限会社岡本建設,education,STANDARD,東京,2024-09-11,active,2026-04-15
U22a93bc29b1df104af6b1ba1cd91fc56,acct_000015,有限会社渡辺運輸-479,有限会社渡辺運輸,education,free,東京,2026-02-13,suspended,2026-04-15
U1fadb6bf4c876b4dd1e37960d23c5eb4,acct_000016,高橋印刷株式会社-110,高橋印刷株式会社,retail,STANDARD,札幌,2024-10-14,active,2026-04-15
U837b70463a585f85743b5bfb3b49c9fd,acct_000017,橋本運輸合同会社-403,橋本運輸合同会社,,STANDARD,大阪,2025-09-02,active,2026-04-15
U4f8b2d7d97720f7d61a0294f1c9c3877,acct_000018,合同会社山崎情報-980,合同会社山崎情報,retail,Standard,札幌,2025-03-12,active,2026-04-15
U1ca413826b7044d134c9c3132420c9de,acct_000019,株式会社山田食品-549,株式会社山田食品,retail,Standard,東京,2025-01-01,closed,2026-04-15
U879eb903ad90cd9c2874f6df7651267a,acct_000020,合同会社中村保険-510,合同会社中村保険,real_estate,standard,札幌,2024-11-22,suspended,2026-04-15
