account_id,revenue_month,snapshot_date,revenue_amount,currency,message_count,is_finalized
U3bae1603803a839c0cb52f511d9cb8f6,2025-11-01,2025-12-05,421216,JPY,1235,True
U3bae1603803a839c0cb52f511d9cb8f6,2025-11-01,2026-02-05,455900,JPY,1001,True
U3bae1603803a839c0cb52f511d9cb8f6,2025-12-01,2026-01-05,482350,JPY,1581,True
U3bae1603803a839c0cb52f511d9cb8f6,2025-12-01,2026-03-05,544100,JPY,1519,True
U3bae1603803a839c0cb52f511d9cb8f6,2026-01-01,2026-02-05,842056,JPY,1834,True
U3bae1603803a839c0cb52f511d9cb8f6,2026-01-01,2026-04-05,945500,JPY,1282,True
U3bae1603803a839c0cb52f511d9cb8f6,2026-02-01,2026-03-05,641127,JPY,1035,True
U3bae1603803a839c0cb52f511d9cb8f6,2026-02-01,2026-05-05,725900,JPY,2173,True
U3bae1603803a839c0cb52f511d9cb8f6,2026-04-01,2026-05-05,665600,JPY,983,False
Ub0341314a5534ea92b26fa8adc30543f,2025-11-01,2025-12-05,0,JPY,0,True
Ub0341314a5534ea92b26fa8adc30543f,2025-11-01,2026-02-05,0,JPY,0,True
Ub0341314a5534ea92b26fa8adc30543f,2025-12-01,2026-01-05,435820,JPY,839,True
Ub0341314a5534ea92b26fa8adc30543f,2025-12-01,2026-03-05,459500,JPY,1359,True
Ub0341314a5534ea92b26fa8adc30543f,2026-01-01,2026-02-05,273659,JPY,831,True
Ub0341314a5534ea92b26fa8adc30543f,2026-01-01,2026-04-05,306500,JPY,397,True
Ub0341314a5534ea92b26fa8adc30543f,2026-03-01,2026-04-05,225377,JPY,335,True
Ub0341314a5534ea92b26fa8adc30543f,2026-03-01,2026-05-05,247100,JPY,311,True
Ub0341314a5534ea92b26fa8adc30543f,2026-04-01,2026-05-05,926600,JPY,1816,False
U743849e63f8101ac616f8fd0ba84a167,2025-12-01,2026-01-05,415833,JPY,835,True
U743849e63f8101ac616f8fd0ba84a167,2025-12-01,2026-03-05,457700,JPY,696,True
U743849e63f8101ac616f8fd0ba84a167,2026-01-01,2026-02-05,397696,JPY,623,True
U743849e63f8101ac616f8fd0ba84a167,2026-01-01,2026-04-05,419900,JPY,731,True
U743849e63f8101ac616f8fd0ba84a167,2026-02-01,2026-03-05,713858,JPY,999,True
U743849e63f8101ac616f8fd0ba84a167,2026-02-01,2026-05-05,754700,JPY,1145,True
U743849e63f8101ac616f8fd0ba84a167,2026-03-01,2026-04-05,189477,JPY,574,True
U743849e63f8101ac616f8fd0ba84a167,2026-03-01,2026-05-05,203000,JPY,367,True
U743849e63f8101ac616f8fd0ba84a167,2026-04-01,2026-05-05,212900,JPY,277,False
Ud4a92c8c8050eed40ef171cc2784d638,2025-11-01,2025-12-05,0,JPY,0,True
Ud4a92c8c8050eed40ef171cc2784d638,2025-11-01,2026-02-05,0,JPY,0,True
Ud4a92c8c8050eed40ef171cc2784d638,2025-12-01,2026-01-05,0,JPY,0,True
Ud4a92c8c8050eed40ef171cc2784d638,2025-12-01,2026-03-05,0,JPY,0,True
Ud4a92c8c8050eed40ef171cc2784d638,2026-01-01,2026-02-05,288790,JPY,434,True
Ud4a92c8c8050eed40ef171cc2784d638,2026-01-01,2026-04-05,320000,JPY,516,True
Ud4a92c8c8050eed40ef171cc2784d638,2026-02-01,2026-03-05,90248,JPY,181,True
Ud4a92c8c8050eed40ef171cc2784d638,2026-02-01,2026-05-05,100400,JPY,138,True
Ud4a92c8c8050eed40ef171cc2784d638,2026-03-01,2026-04-05,418454,JPY,717,True
Ud4a92c8c8050eed40ef171cc2784d638,2026-03-01,2026-05-05,448700,JPY,1304,True
Ud4a92c8c8050eed40ef171cc2784d638,2026-04-01,2026-05-05,113000,JPY,341,False
Ue7310890b01058478be93761a56d0aa0,2025-11-01,2025-12-05,523948,JPY,1668,True
Ue7310890b01058478be93761a56d0aa0,2025-11-01,2026-02-05,560300,JPY,905,True
Ue7310890b01058478be93761a56d0aa0,2025-12-01,2026-01-05,609102,JPY,1076,True
Ue7310890b01058478be93761a56d0aa0,2025-12-01,2026-03-05,648500,JPY,933,True
Ue7310890b01058478be93761a56d0aa0,2026-01-01,2026-02-05,553951,JPY,1409,True
Ue7310890b01058478be93761a56d0aa0,2026-01-01,2026-04-05,610700,JPY,2002,True
Ue7310890b01058478be93761a56d0aa0,2026-02-01,2026-03-05,734382,JPY,937,True
Ue7310890b01058478be93761a56d0aa0,2026-02-01,2026-05-05,830300,JPY,1115,True
Ue7310890b01058478be93761a56d0aa0,2026-04-01,2026-05-05,215600,JPY,362,False
U227d1cd1a801c367de206ec4bbca7330,2025-11-01,2025-12-05,245537,JPY,461,True
U227d1cd1a801c367de206ec4bbca7330,2025-11-01,2026-02-05,262400,JPY,500,True
U227d1cd1a801c367de206ec4bbca7330,2025-12-01,2026-01-05,0,JPY,0,True
U227d1cd1a801c367de206ec4bbca7330,2025-12-01,2026-03-05,0,JPY,0,True
U227d1cd1a801c367de206ec4bbca7330,2026-01-01,2026-02-05,282085,JPY,454,True
U227d1cd1a801c367de206ec4bbca7330,2026-01-01,2026-04-05,312800,JPY,553,True
U227d1cd1a801c367de206ec4bbca7330,2026-02-01,2026-03-05,479296,JPY,1526,True
U227d1cd1a801c367de206ec4bbca7330,2026-02-01,2026-05-05,532400,JPY,1415,True
U227d1cd1a801c367de206ec4bbca7330,2026-03-01,2026-04-05,822384,JPY,1894,True
U227d1cd1a801c367de206ec4bbca7330,2026-03-01,2026-05-05,880700,JPY,1203,True
U227d1cd1a801c367de206ec4bbca7330,2026-04-01,2026-05-05,817700,JPY,2102,False
U7e808d11d6f9901a954a542a7ee09918,2025-11-01,2025-12-05,128814,USD,170,True
U7e808d11d6f9901a954a542a7ee09918,2025-11-01,2026-02-05,135500,USD,391,True
U7e808d11d6f9901a954a542a7ee09918,2026-02-01,2026-03-05,271212,USD,793,True
U7e808d11d6f9901a954a542a7ee09918,2026-02-01,2026-05-05,290300,USD,453,True
U7e808d11d6f9901a954a542a7ee09918,2026-03-01,2026-04-05,714542,USD,1353,True
U7e808d11d6f9901a954a542a7ee09918,2026-03-01,2026-05-05,753800,USD,1021,True
U7e808d11d6f9901a954a542a7ee09918,2026-04-01,2026-05-05,575600,USD,1153,False
U4784fc8a8e1e4eb2435ad84e0ad052f2,2025-11-01,2025-12-05,45248,JPY,65,True
U4784fc8a8e1e4eb2435ad84e0ad052f2,2025-11-01,2026-02-05,50000,JPY,99,True
U4784fc8a8e1e4eb2435ad84e0ad052f2,2025-12-01,2026-01-05,825768,JPY,1451,True
U4784fc8a8e1e4eb2435ad84e0ad052f2,2025-12-01,2026-03-05,923000,JPY,1227,True
U4784fc8a8e1e4eb2435ad84e0ad052f2,2026-02-01,2026-03-05,300061,JPY,376,True
U4784fc8a8e1e4eb2435ad84e0ad052f2,2026-02-01,2026-05-05,320000,JPY,489,True
U4784fc8a8e1e4eb2435ad84e0ad052f2,2026-03-01,2026-04-05,607432,JPY,1159,True
U4784fc8a8e1e4eb2435ad84e0ad052f2,2026-03-01,2026-05-05,668300,JPY,887,True
U4784fc8a8e1e4eb2435ad84e0ad052f2,2026-04-01,2026-05-05,332600,JPY,464,False
Ue8d9224ecde331ce692edfce0b5ecdc4,2025-11-01,2025-12-05,374432,JPY,661,True
Ue8d9224ecde331ce692edfce0b5ecdc4,2025-11-01,2026-02-05,409100,JPY,711,True
Ue8d9224ecde331ce692edfce0b5ecdc4,2025-12-01,2026-01-05,468110,JPY,777,True
Ue8d9224ecde331ce692edfce0b5ecdc4,2025-12-01,2026-03-05,497300,JPY,1568,True
Ue8d9224ecde331ce692edfce0b5ecdc4,2026-01-01,2026-02-05,430843,JPY,560,True
Ue8d9224ecde331ce692edfce0b5ecdc4,2026-01-01,2026-04-05,459500,JPY,852,True
Ue8d9224ecde331ce692edfce0b5ecdc4,2026-02-01,2026-03-05,458056,JPY,1392,True
Ue8d9224ecde331ce692edfce0b5ecdc4,2026-02-01,2026-05-05,491000,JPY,1171,True
Ue8d9224ecde331ce692edfce0b5ecdc4,2026-03-01,2026-04-05,755897,JPY,1821,True
Ue8d9224ecde331ce692edfce0b5ecdc4,2026-03-01,2026-05-05,839300,JPY,2535,True
U3e5dd3a641c58ad50e49f095c6f1e306,2025-11-01,2025-12-05,370354,JPY,584,True
U3e5dd3a641c58ad50e49f095c6f1e306,2025-11-01,2026-02-05,405500,JPY,913,True
U3e5dd3a641c58ad50e49f095c6f1e306,2025-12-01,2026-01-05,476301,JPY,669,True
U3e5dd3a641c58ad50e49f095c6f1e306,2025-12-01,2026-03-05,493700,JPY,867,True
U3e5dd3a641c58ad50e49f095c6f1e306,2026-01-01,2026-02-05,818382,JPY,2502,True
U3e5dd3a641c58ad50e49f095c6f1e306,2026-01-01,2026-04-05,895100,JPY,1341,True
U3e5dd3a641c58ad50e49f095c6f1e306,2026-02-01,2026-03-05,654938,JPY,1219,True
U3e5dd3a641c58ad50e49f095c6f1e306,2026-02-01,2026-05-05,675500,JPY,993,True
U3e5dd3a641c58ad50e49f095c6f1e306,2026-03-01,2026-04-05,115247,JPY,231,True
U3e5dd3a641c58ad50e49f095c6f1e306,2026-03-01,2026-05-05,123800,JPY,291,True
U3e5dd3a641c58ad50e49f095c6f1e306,2026-04-01,2026-05-05,803300,JPY,2426,False
Ue9a1e8a5b83a6b296d43c957a8cfba4a,2025-12-01,2026-01-05,51705,JPY,71,True
Ue9a1e8a5b83a6b296d43c957a8cfba4a,2025-12-01,2026-03-05,57200,JPY,98,True
Ue9a1e8a5b83a6b296d43c957a8cfba4a,2026-02-01,2026-03-05,210505,JPY,450,True
Ue9a1e8a5b83a6b296d43c957a8cfba4a,2026-02-01,2026-05-05,239000,JPY,351,True
Uc20f9c7e9b662bedec3cb78e127885c7,2025-11-01,2025-12-05,237405,JPY,388,True
Uc20f9c7e9b662bedec3cb78e127885c7,2025-11-01,2026-02-05,250700,JPY,419,True
Uc20f9c7e9b662bedec3cb78e127885c7,2025-12-01,2026-01-05,213876,JPY,372,True
Uc20f9c7e9b662bedec3cb78e127885c7,2025-12-01,2026-03-05,223700,JPY,348,True
Uc20f9c7e9b662bedec3cb78e127885c7,2026-02-01,2026-03-05,611630,JPY,1788,True
Uc20f9c7e9b662bedec3cb78e127885c7,2026-02-01,2026-05-05,678200,JPY,1012,True
Ud7cd4c737b35e126236570d6cf0e97f4,2025-11-01,2025-12-05,578687,USD,811,True
Ud7cd4c737b35e126236570d6cf0e97f4,2025-11-01,2026-02-05,617000,USD,961,True
Ud7cd4c737b35e126236570d6cf0e97f4,2025-12-01,2026-01-05,570738,USD,922,True
Ud7cd4c737b35e126236570d6cf0e97f4,2025-12-01,2026-03-05,590000,USD,1001,True
Ud7cd4c737b35e126236570d6cf0e97f4,2026-01-01,2026-02-05,505786,USD,726,True
Ud7cd4c737b35e126236570d6cf0e97f4,2026-01-01,2026-04-05,552200,USD,715,True
Ud7cd4c737b35e126236570d6cf0e97f4,2026-02-01,2026-03-05,798555,USD,1966,True
Ud7cd4c737b35e126236570d6cf0e97f4,2026-02-01,2026-05-05,887000,USD,2450,True
U476acbdef8e9a16d24575e4f6d7b0f31,2025-11-01,2025-12-05,408706,JPY,701,True
U476acbdef8e9a16d24575e4f6d7b0f31,2025-11-01,2026-02-05,437000,JPY,923,True
U476acbdef8e9a16d24575e4f6d7b0f31,2025-12-01,2026-01-05,61951,JPY,89,True
U476acbdef8e9a16d24575e4f6d7b0f31,2025-12-01,2026-03-05,64400,JPY,115,True
U476acbdef8e9a16d24575e4f6d7b0f31,2026-01-01,2026-02-05,838117,JPY,2738,True
U476acbdef8e9a16d24575e4f6d7b0f31,2026-01-01,2026-04-05,926600,JPY,1297,True
U476acbdef8e9a16d24575e4f6d7b0f31,2026-02-01,2026-03-05,645145,JPY,1179,True
U476acbdef8e9a16d24575e4f6d7b0f31,2026-02-01,2026-05-05,707000,JPY,1233,True
U476acbdef8e9a16d24575e4f6d7b0f31,2026-03-01,2026-04-05,146950,JPY,209,True
U476acbdef8e9a16d24575e4f6d7b0f31,2026-03-01,2026-05-05,155300,JPY,200,True
U476acbdef8e9a16d24575e4f6d7b0f31,2026-04-01,2026-05-05,0,JPY,0,False
U22a93bc29b1df104af6b1ba1cd91fc56,2025-11-01,2025-12-05,643362,JPY,865,True
U22a93bc29b1df104af6b1ba1cd91fc56,2025-11-01,2026-02-05,693500,JPY,944,True
U22a93bc29b1df104af6b1ba1cd91fc56,2025-12-01,2026-01-05,643897,JPY,1888,True
U22a93bc29b1df104af6b1ba1cd91fc56,2025-12-01,2026-03-05,666500,JPY,875,True
U22a93bc29b1df104af6b1ba1cd91fc56,2026-01-01,2026-02-05,603453,JPY,1262,True
U22a93bc29b1df104af6b1ba1cd91fc56,2026-01-01,2026-04-05,628700,JPY,1575,True
U22a93bc29b1df104af6b1ba1cd91fc56,2026-02-01,2026-03-05,600985,JPY,756,True
U22a93bc29b1df104af6b1ba1cd91fc56,2026-02-01,2026-05-05,660200,JPY,849,True
U22a93bc29b1df104af6b1ba1cd91fc56,2026-03-01,2026-04-05,99505,JPY,144,True
U22a93bc29b1df104af6b1ba1cd91fc56,2026-03-01,2026-05-05,108500,JPY,147,True
U22a93bc29b1df104af6b1ba1cd91fc56,2026-04-01,2026-05-05,233600,JPY,374,False
U1fadb6bf4c876b4dd1e37960d23c5eb4,2025-11-01,2025-12-05,0,JPY,0,True
U1fadb6bf4c876b4dd1e37960d23c5eb4,2025-11-01,2026-02-05,0,JPY,0,True
U1fadb6bf4c876b4dd1e37960d23c5eb4,2025-12-01,2026-01-05,182114,JPY,466,True
U1fadb6bf4c876b4dd1e37960d23c5eb4,2025-12-01,2026-03-05,203000,JPY,272,True
U1fadb6bf4c876b4dd1e37960d23c5eb4,2026-01-01,2026-02-05,567048,JPY,1178,True
U1fadb6bf4c876b4dd1e37960d23c5eb4,2026-01-01,2026-04-05,604400,JPY,1894,True
U1fadb6bf4c876b4dd1e37960d23c5eb4,2026-03-01,2026-04-05,0,JPY,0,True
U1fadb6bf4c876b4dd1e37960d23c5eb4,2026-03-01,2026-05-05,0,JPY,0,True
U1fadb6bf4c876b4dd1e37960d23c5eb4,2026-04-01,2026-05-05,670100,JPY,1063,False
U837b70463a585f85743b5bfb3b49c9fd,2025-11-01,2025-12-05,256189,JPY,537,True
U837b70463a585f85743b5bfb3b49c9fd,2025-11-01,2026-02-05,271400,JPY,737,True
U837b70463a585f85743b5bfb3b49c9fd,2025-12-01,2026-01-05,79148,JPY,175,True
U837b70463a585f85743b5bfb3b49c9fd,2025-12-01,2026-03-05,86900,JPY,146,True
U837b70463a585f85743b5bfb3b49c9fd,2026-01-01,2026-02-05,729686,JPY,1260,True
U837b70463a585f85743b5bfb3b49c9fd,2026-01-01,2026-04-05,761000,JPY,1676,True
U837b70463a585f85743b5bfb3b49c9fd,2026-03-01,2026-04-05,518433,JPY,828,True
U837b70463a585f85743b5bfb3b49c9fd,2026-03-01,2026-05-05,544100,JPY,964,True
U837b70463a585f85743b5bfb3b49c9fd,2026-04-01,2026-05-05,208400,JPY,303,False
U4f8b2d7d97720f7d61a0294f1c9c3877,2025-11-01,2025-12-05,105235,JPY,176,True
U4f8b2d7d97720f7d61a0294f1c9c3877,2025-11-01,2026-02-05,117500,JPY,190,True
U4f8b2d7d97720f7d61a0294f1c9c3877,2025-12-01,2026-01-05,573203,JPY,785,True
U4f8b2d7d97720f7d61a0294f1c9c3877,2025-12-01,2026-03-05,644900,JPY,1688,True
U4f8b2d7d97720f7d61a0294f1c9c3877,2026-01-01,2026-02-05,730727,JPY,1458,True
U4f8b2d7d97720f7d61a0294f1c9c3877,2026-01-01,2026-04-05,764600,JPY,1554,True
U4f8b2d7d97720f7d61a0294f1c9c3877,2026-02-01,2026-03-05,191640,JPY,433,True
U4f8b2d7d97720f7d61a0294f1c9c3877,2026-02-01,2026-05-05,199400,JPY,448,True
U4f8b2d7d97720f7d61a0294f1c9c3877,2026-03-01,2026-04-05,490780,JPY,634,True
U4f8b2d7d97720f7d61a0294f1c9c3877,2026-03-01,2026-05-05,547700,JPY,746,True
U4f8b2d7d97720f7d61a0294f1c9c3877,2026-04-01,2026-05-05,672800,JPY,982,False
U1ca413826b7044d134c9c3132420c9de,2025-11-01,2025-12-05,48223,JPY,91,True
U1ca413826b7044d134c9c3132420c9de,2025-11-01,2026-02-05,50000,JPY,76,True
U1ca413826b7044d134c9c3132420c9de,2025-12-01,2026-01-05,129294,JPY,176,True
U1ca413826b7044d134c9c3132420c9de,2025-12-01,2026-03-05,138200,JPY,200,True
U1ca413826b7044d134c9c3132420c9de,2026-01-01,2026-02-05,857676,JPY,2299,True
U1ca413826b7044d134c9c3132420c9de,2026-01-01,2026-04-05,885200,JPY,1600,True
U1ca413826b7044d134c9c3132420c9de,2026-04-01,2026-05-05,605300,JPY,1339,False
U879eb903ad90cd9c2874f6df7651267a,2025-11-01,2025-12-05,620511,JPY,821,True
U879eb903ad90cd9c2874f6df7651267a,2025-11-01,2026-02-05,654800,JPY,2105,True
U879eb903ad90cd9c2874f6df7651267a,2025-12-01,2026-01-05,562755,JPY,755,True
U879eb903ad90cd9c2874f6df7651267a,2025-12-01,2026-03-05,627800,JPY,1410,True
U879eb903ad90cd9c2874f6df7651267a,2026-01-01,2026-02-05,568742,JPY,1662,True
U879eb903ad90cd9c2874f6df7651267a,2026-01-01,2026-04-05,590000,JPY,904,True
U879eb903ad90cd9c2874f6df7651267a,2026-02-01,2026-03-05,849994,JPY,1233,True
U879eb903ad90cd9c2874f6df7651267a,2026-02-01,2026-05-05,924800,JPY,1748,True
U879eb903ad90cd9c2874f6df7651267a,2026-03-01,2026-04-05,475864,JPY,596,True
U879eb903ad90cd9c2874f6df7651267a,2026-03-01,2026-05-05,530600,JPY,682,True
U879eb903ad90cd9c2874f6df7651267a,2026-04-01,2026-05-05,194900,JPY,349,False
Uffffffffffffffffffffffffffffffff,2026-02-01,2026-05-05,120000,JPY,200,True
